{"parameters": {"W1": [[0.29913985206919635, 0.0016958702027116193], [-0.03451500156307607, -0.023363755562240855]], "b1": [[0.0037028561465373704], [0.006535004317386079]], "W2": [[0.2824604635930208], [-0.03514012426107438]], "b2": [[-0.08042943150887334]]}, "layer_dimensions": [2, 2, 1], "scaler": {"mean": [5.9910000000000005, 123.58], "scale": [1.1379011380607718, 39.743975644114926]}}