{"parameters": {"W1": [[3.038233531789105, 1.2363815501822182], [-0.42209884967292005, -0.05086271094813868]], "b1": [[-0.20922263436970676], [0.04897150425481262]], "W2": [[3.522765107869221], [0.18258315081346232]], "b2": [[-1.595350016212923]]}, "layer_dimensions": [2, 2, 1], "scaler": {"mean": [5.9910000000000005, 123.58], "scale": [1.1379011380607718, 39.743975644114926]}}