{"parameters": {"W1": [[2.7721884865970132, 0.9323257629722308], [-0.4396333248115716, -0.05758664379338997]], "b1": [[-0.17139436182389817], [0.05257380525794086]], "W2": [[3.1478871235030286], [0.025844191566491082]], "b2": [[-1.3453635495816196]]}, "layer_dimensions": [2, 2, 1], "scaler": {"mean": [5.9910000000000005, 123.58], "scale": [1.1379011380607718, 39.743975644114926]}}